Fecha,SAN,BKIA,NTGY,ACX,FER,ACS,ELE,SAB,AMS,AENA,ITX,MTS,IAG,VIS,BBVA,MAP,CIE,MAS,IBE,ENG,REP,ANA,GRF,CLNX,MRL,BKT,ENC,IDR,SGRE,MEL,TL5,REE,COL,TEF,CABK
2019-09-02,3.4345,1.5795,23.9,7.656,26.25,34.56,23.62,0.758,67.18,165.45,27.85,12.876,4.674,43.48,4.2775,2.392,20.78,18.8,9.442,19.805,13.37,96.95,28.79,36.6,12.09,5.222,3.392,7.185,12.325,7.29,5.966,18.175,10.48,6.356,2.015
2019-09-03,3.3985,1.55,23.76,7.612,26.29,34.6,23.63,0.746,67.0,165.3,27.87,12.692,4.607,43.54,4.286,2.388,20.6,18.6,9.526,19.82,13.31,98.0,28.63,36.88,12.06,5.156,3.386,7.42,12.27,7.29,5.896,18.35,10.53,6.372,2.018
2019-09-04,3.407,1.58,23.8,7.814,26.2,34.77,23.85,0.7528,67.4,165.85,27.8,13.456,4.696,44.16,4.313,2.399,21.48,18.82,9.498,20.08,13.56,99.45,28.47,37.59,12.12,5.238,3.482,7.45,12.475,7.38,6.004,18.3,10.7,6.437,2.052
2019-09-05,3.527,1.701,23.75,8.14,26.1,34.86,23.71,0.8106,68.08,167.1,28.54,13.886,4.792,44.6,4.496,2.44,22.68,18.66,9.438,20.3,13.775,98.8,28.1,37.25,12.09,5.54,3.594,7.78,12.55,7.505,6.17,18.31,10.61,6.507,2.16
2019-09-06,3.531,1.6804999999999999,23.19,8.074,26.43,34.9,23.6,0.799,68.52,167.2,28.65,13.87,4.7940000000000005,44.0,4.49,2.464,22.44,18.72,9.428,19.545,13.615,97.7,28.01,37.89,12.04,5.502,3.5540000000000003,8.145,12.405,7.185,6.19,18.17,10.6,6.582,2.137
2019-09-09,3.6165000000000003,1.7295,22.83,8.144,26.04,35.31,23.37,0.8338,67.46,164.55,28.79,14.292,4.734,43.96,4.602,2.493,22.94,18.7,9.23,19.45,13.88,97.2,27.4,36.48,12.06,5.632,3.612,8.15,12.585,7.435,6.24,17.98,10.67,6.66,2.207
2019-09-10,3.7205,1.756,23.15,8.252,25.33,36.34,23.43,0.8526,67.18,166.0,28.61,14.75,4.924,44.92,4.696,2.529,23.12,18.42,9.196,19.725,14.155,95.15,27.36,35.91,11.94,5.87,3.682,8.08,12.91,7.53,6.122,18.005,10.56,6.686,2.265
2019-09-11,3.7105,1.7305000000000001,23.33,8.338,25.31,36.8,23.38,0.8554,67.34,166.0,27.5,15.096,5.06,45.02,4.6765,2.541,23.26,18.8,9.194,20.23,14.015,97.9,27.72,36.61,11.9,5.852,3.66,8.32,13.44,7.6,6.186,18.31,10.42,6.691,2.262
2019-09-12,3.7279999999999998,1.7005,23.48,8.382,25.88,36.49,23.56,0.846,67.5,165.85,27.18,15.046,5.102,43.62,4.729,2.536,23.58,19.1,9.308,20.2,13.835,97.95,27.6,37.46,11.92,5.88,3.534,8.15,13.52,7.37,6.162,18.335,10.4,6.7219999999999995,2.241
2019-09-13,3.821,1.764,23.0,8.516,25.75,36.08,23.39,0.912,67.2,164.4,26.91,15.57,5.15,43.72,4.8655,2.577,24.08,19.1,9.21,20.25,13.985,97.45,27.1,37.54,11.96,6.092,3.706,8.19,13.665,7.55,6.136,18.06,10.39,6.789,2.404
2019-09-16,3.766,1.7305000000000001,23.21,8.352,25.51,35.87,23.28,0.897,66.18,161.3,26.56,15.25,5.04,43.0,4.795,2.517,24.52,19.24,9.156,20.31,14.135,95.45,26.71,36.3,11.93,5.922,3.758,8.075,13.81,7.48,6.056,18.0,10.29,6.793,2.385
2019-09-17,3.6565000000000003,1.649,23.7,8.232,25.78,36.1,23.53,0.8594,66.5,162.15,26.66,14.744,4.987,43.32,4.6975,2.487,24.14,18.46,9.27,20.33,14.015,95.95,26.97,36.26,12.2,5.736,3.668,7.88,13.875,7.37,6.002,18.49,10.37,6.672,2.293
2019-09-18,3.6205,1.655,24.2,8.2,25.95,35.97,23.61,0.8494,66.8,163.5,26.63,14.754,5.06,43.42,4.6925,2.467,23.7,18.36,9.32,21.09,14.065,96.5,27.39,36.25,12.58,5.726,3.67,8.005,13.975,7.445,5.986,18.595,10.5,6.724,2.302
2019-09-19,3.7235,1.7850000000000001,24.28,8.25,26.25,36.03,23.62,0.8852000000000001,66.6,163.45,27.14,14.038,5.264,43.42,4.7845,2.499,23.36,18.26,9.332,21.03,14.26,95.7,27.07,36.0,12.68,5.986,3.68,8.32,14.115,7.35,5.982,18.55,10.65,6.754,2.39
2019-09-20,3.76,1.7305000000000001,24.31,8.18,26.48,36.1,23.59,0.8774000000000001,68.0,163.95,27.27,13.818,5.412,43.7,4.9,2.496,22.84,18.46,9.272,20.81,14.21,94.95,26.48,36.15,12.77,5.85,3.44,8.335,13.505,7.2,6.162,18.31,10.83,6.912,2.399
2019-09-23,3.6565000000000003,1.6855,24.34,8.0,26.3,35.33,23.71,0.8586,65.48,161.85,27.62,13.026,5.332,42.54,4.6855,2.4859999999999998,22.54,18.02,9.35,20.63,14.305,95.45,27.1,37.16,12.79,5.662,3.342,8.08,13.215,7.15,6.04,18.27,10.73,6.888,2.351
2019-09-24,3.629,1.6844999999999999,24.38,7.874,26.49,35.11,23.94,0.861,66.3,164.15,27.84,12.8,5.412,42.38,4.67,2.48,22.34,18.3,9.436,20.92,14.165,96.85,27.39,37.84,12.69,5.658,3.34,8.015,13.365,7.16,6.0,18.26,10.71,6.866,2.345
2019-09-25,3.643,1.7000000000000002,23.77,7.962,26.15,34.76,23.53,0.8752000000000001,65.28,165.05,27.71,13.12,5.43,41.32,4.676,2.454,22.36,18.26,9.388,20.69,14.085,94.6,26.95,38.04,12.63,5.664,3.286,7.845,13.205,7.175,5.866,18.04,10.86,6.89,2.373
2019-09-26,3.6375,1.6840000000000002,24.13,7.822,26.65,35.42,24.01,0.875,65.28,165.45,27.9,12.652,5.2,41.88,4.6945,2.461,22.32,18.56,9.48,21.13,14.155,95.65,26.96,38.65,12.89,5.658,3.238,7.785,12.945,7.005,5.936,18.225,11.05,6.944,2.371
2019-09-27,3.7,1.7185000000000001,24.01,7.864,26.34,35.74,23.85,0.892,65.8,167.1,28.12,13.01,5.316,42.38,4.747,2.475,22.68,18.66,9.418,21.11,14.305,96.8,27.04,38.42,12.8,5.736,3.372,8.015,12.885,7.065,5.95,18.16,11.04,6.997,2.403
2019-09-30,3.7365,1.7325,24.34,7.848,26.51,36.66,24.14,0.8902,65.72,168.0,28.4,12.91,5.344,43.0,4.7805,2.471,23.0,18.64,9.536,21.26,14.34,97.1,27.04,37.9,12.81,5.7940000000000005,3.49,7.94,12.45,7.12,5.914,18.635,11.07,7.001,2.41
2019-10-01,3.6745,1.7189999999999999,24.33,7.808,26.23,36.19,23.89,0.8858,64.72,169.35,28.17,12.736,5.338,42.34,4.7005,2.461,22.54,22.6,9.42,21.51,14.305,95.55,26.65,38.2,12.88,5.71,3.318,7.905,12.215,7.16,6.014,18.51,11.19,6.946,2.372
2019-10-02,3.517,1.6875,23.55,7.616,25.25,34.67,23.47,0.872,61.94,166.5,27.29,11.988,5.218,40.7,4.519,2.416,22.24,22.64,9.31,21.11,13.97,95.7,26.5,37.47,12.65,5.59,3.23,7.715,11.89,7.04,5.8260000000000005,18.0,11.12,6.775,2.301
2019-10-03,3.5085,1.6760000000000002,23.49,7.384,25.5,34.82,23.55,0.8808,62.58,165.85,27.42,11.802,5.112,40.64,4.519,2.388,21.0,22.82,9.3,20.84,13.735,94.8,26.54,37.71,12.7,5.556,3.142,7.525,11.605,7.015,5.7940000000000005,18.02,11.24,6.767,2.298
2019-10-04,3.5275,1.6695,23.6,7.334,25.84,35.16,23.81,0.877,63.52,166.7,27.81,11.782,5.088,40.4,4.535,2.391,21.0,22.76,9.388,20.93,13.785,95.65,26.65,37.98,12.85,5.564,3.082,7.605,11.51,7.05,5.742,18.085,11.28,6.809,2.286
2019-10-07,3.5575,1.6665,23.92,7.502,25.9,35.32,23.88,0.8844000000000001,64.3,165.55,28.13,12.16,5.246,40.7,4.587,2.427,21.24,23.5,9.424,21.07,14.095,96.8,27.03,37.91,12.86,5.604,3.14,7.64,11.725,7.11,5.75,18.03,11.36,6.869,2.326
2019-10-08,3.5205,1.6355,23.72,7.426,25.61,34.79,23.62,0.863,64.06,164.45,27.5,11.824,5.126,41.18,4.5055,2.388,21.34,23.6,9.332,20.62,13.94,91.95,27.02,38.91,12.95,5.536,3.176,7.37,11.495,7.09,5.68,18.03,11.3,6.771,2.2880000000000003
2019-10-09,3.5435,1.65,23.65,7.484,25.75,34.78,23.75,0.8632000000000001,64.76,166.4,27.78,11.94,5.098,41.5,4.506,2.391,21.76,23.4,9.352,20.58,14.09,90.3,27.38,40.24,12.85,5.572,3.082,7.31,11.52,7.125,5.642,18.03,11.42,6.815,2.298
2019-10-10,3.636,1.7065000000000001,23.72,7.712,25.81,35.1,23.48,0.9032,65.84,167.15,28.2,12.696,5.168,41.58,4.628,2.431,21.94,23.68,9.298,20.49,14.31,91.15,27.0,40.34,12.93,5.8100000000000005,3.236,8.01,11.6,7.22,5.69,17.91,11.41,6.891,2.4050000000000002
2019-10-11,3.792,1.7650000000000001,23.94,7.968,25.7,36.19,23.5,0.9586,66.82,168.75,28.57,13.438,5.72,42.44,4.716,2.493,22.42,23.34,9.214,20.56,14.555,91.25,27.11,37.78,13.21,6.014,3.388,8.575,12.055,7.345,5.638,18.0,11.35,7.039,2.534
2019-10-14,3.7545,1.745,24.13,7.866,25.95,36.14,23.39,0.9658,65.94,167.95,28.41,13.1,5.644,42.02,4.6345,2.472,22.32,23.2,9.254,20.71,14.525,92.5,27.25,39.11,13.25,5.964,3.412,8.465,12.17,7.26,5.65,18.07,11.49,6.985,2.519
2019-10-15,3.8955,1.7855,24.25,7.974,25.91,36.29,23.56,0.9966,66.88,168.65,28.53,13.184,5.944,42.4,4.749,2.511,22.2,23.4,9.156,20.67,14.715,91.7,27.03,40.36,13.28,6.07,3.44,8.355,12.18,7.39,5.65,18.06,11.5,7.042,2.577
2019-10-16,3.9205,1.824,24.03,8.036,25.47,35.9,23.44,1.0175,67.1,167.5,28.75,13.088,5.922,42.64,4.8075,2.527,22.58,23.5,9.16,20.7,14.735,92.0,26.99,41.33,13.37,6.134,3.452,8.375,11.82,7.425,5.504,18.1,11.37,7.079,2.624
2019-10-17,3.858,1.8255,24.08,8.076,25.97,35.98,23.39,1.0175,66.74,171.0,28.54,13.076,5.918,42.26,4.727,2.534,22.54,23.12,9.094,20.3,14.675,92.1,27.33,40.96,13.32,6.166,3.45,8.495,12.075,7.3,5.542,17.91,11.5,7.047,2.575
2019-10-18,3.87,1.808,24.16,8.11,26.0,35.74,23.68,1.022,65.5,167.95,28.45,13.184,5.888,42.14,4.7785,2.548,21.52,22.56,9.122,20.35,14.5,91.2,27.28,40.97,13.2,6.176,3.524,8.55,12.09,7.0,5.584,18.085,11.55,7.068,2.564
2019-10-21,3.9655,1.8705,23.98,8.216,26.21,35.75,23.57,1.0605,66.18,167.7,28.52,13.53,6.106,42.04,4.892,2.578,22.04,22.34,9.06,20.46,14.57,92.1,27.03,39.45,13.19,6.46,3.638,8.69,12.33,7.18,5.574,18.01,11.43,7.097,2.653
2019-10-22,3.965,1.8405,24.12,8.224,26.26,35.84,23.65,1.0395,65.4,167.4,28.29,13.378,5.9879999999999995,41.98,4.8870000000000005,2.5789999999999997,22.1,22.42,9.106,20.7,14.6,92.05,27.17,38.92,13.12,6.41,3.658,8.41,12.23,7.17,5.592,18.195,11.42,7.148,2.564
2019-10-23,3.9865,1.8405,23.97,8.308,25.9,36.06,23.8,1.043,65.36,164.65,28.05,13.63,5.94,41.86,4.908,2.594,22.24,22.26,9.132,20.86,14.775,91.45,27.27,38.04,13.2,6.35,3.488,8.295,12.325,7.17,5.588,18.26,11.47,7.218,2.586
2019-10-24,3.9495,1.762,24.0,8.25,25.93,36.16,24.04,1.0125,66.32,164.1,28.15,13.546,5.992,42.34,4.886,2.606,22.28,22.16,9.204,21.05,14.925,92.35,27.98,38.26,13.18,6.302,3.46,8.39,12.255,7.2,5.534,18.42,11.41,7.168,2.5380000000000003
2019-10-25,3.982,1.7775,23.63,8.366,26.25,36.41,23.91,1.0145,67.06,165.0,28.28,14.044,6.014,49.58,4.885,2.592,22.56,22.06,9.216,20.87,14.99,91.6,27.8,38.84,13.07,6.288,3.65,8.44,12.345,7.33,5.542,18.345,11.42,7.153,2.547
2019-10-28,3.979,1.7455,23.56,8.45,26.33,36.66,23.83,1.0085,67.12,166.8,28.34,14.27,6.036,47.62,4.882,2.62,22.88,21.72,9.182,20.99,15.115,91.5,28.24,38.4,13.04,6.292,3.564,8.505,12.57,7.455,5.538,18.305,11.5,7.112,2.541
2019-10-29,3.9665,1.7000000000000002,23.78,8.53,26.2,36.87,23.85,1.0165,66.54,168.0,28.49,14.186,6.08,47.58,4.8565000000000005,2.636,22.96,21.42,9.15,20.99,15.05,90.8,28.63,37.65,13.08,6.348,3.424,8.54,12.2,7.47,5.468,18.265,11.5,6.92,2.533
2019-10-30,3.7095000000000002,1.6955,23.94,8.404,26.25,36.61,24.14,1.003,66.02,164.0,28.5,13.688,6.036,47.9,4.7345,2.618,22.08,21.08,9.128,21.03,14.94,92.4,28.83,38.44,13.18,6.292,3.5300000000000002,8.595,12.33,7.21,5.402,18.6,11.56,6.867,2.496
2019-10-31,3.594,1.708,24.41,8.378,26.46,36.39,24.4,0.9838,66.34,164.5,27.95,13.214,6.158,48.58,4.723,2.5,22.32,20.72,9.208,22.19,14.7,93.45,28.88,38.66,13.2,6.2,3.5300000000000002,8.66,12.325,7.305,5.48,18.05,11.58,6.875,2.565
2019-11-01,3.61,1.7255,24.01,8.616,27.01,36.85,24.25,0.9934000000000001,67.18,167.4,28.24,14.036,6.29,48.88,4.733,2.531,21.54,20.34,9.176,21.93,15.145,93.1,29.4,38.26,13.13,6.292,3.714,8.82,12.64,7.435,5.462,18.06,11.43,6.914,2.649
2019-11-04,3.7279999999999998,1.8115,23.92,8.95,27.01,37.2,24.27,1.0185,67.64,167.65,28.21,14.606,6.358,48.5,4.878,2.549,22.42,20.28,9.136,21.98,15.47,92.85,29.5,37.85,13.18,6.45,3.7199999999999998,8.84,12.85,7.255,5.476,18.01,11.48,6.933,2.6950000000000003
2019-11-05,3.783,1.8445,24.03,9.128,26.86,36.74,24.07,1.041,66.98,167.4,28.09,14.886,6.312,48.58,4.954,2.556,23.0,20.26,9.04,22.15,15.415,92.45,28.7,37.96,13.11,6.5120000000000005,3.838,8.88,11.735,7.37,5.456,17.955,11.36,6.866,2.771
2019-11-06,3.7675,1.795,24.44,9.27,26.31,36.74,24.03,1.029,68.58,166.4,28.48,14.5,6.34,48.88,4.904,2.541,23.04,21.2,9.048,22.5,15.13,92.7,29.1,37.7,13.12,6.394,3.774,9.2,12.03,7.4,5.548,17.96,11.47,6.745,2.7279999999999998
2019-11-07,3.846,1.8545,24.35,9.444,25.85,36.03,23.66,1.0475,71.08,167.8,28.28,15.468,6.326,49.56,4.989,2.576,23.3,21.3,8.876,23.03,15.145,92.75,28.64,37.13,13.0,6.54,4.028,9.43,12.475,7.415,5.574,17.95,11.56,6.864,2.798
2019-11-08,3.762,1.8125,23.93,9.684,26.11,35.63,23.91,1.04,71.46,167.5,27.52,15.456,6.28,49.02,4.958,2.566,23.06,21.26,8.968,23.04,15.04,94.6,28.75,37.33,12.95,6.406,3.956,9.52,12.69,7.5,5.634,17.785,11.61,6.856,2.785
2019-11-11,3.74,1.8115,24.1,9.738,26.13,35.77,23.9,1.0465,71.54,168.5,27.6,15.528,6.302,49.38,4.9435,2.576,23.02,21.1,8.898,22.97,15.03,94.25,28.76,37.0,12.95,6.448,3.95,9.685,12.845,7.595,5.666,17.775,11.66,6.905,2.7560000000000002
2019-11-12,3.7005,1.729,23.85,9.638,26.11,35.61,23.75,1.0215,71.08,165.9,27.12,15.56,6.346,48.48,4.9165,2.5789999999999997,22.68,20.72,8.868,22.6,15.02,93.8,28.75,37.0,12.84,6.356,3.89,9.67,12.835,7.595,5.734,17.52,11.66,6.855,2.646
2019-11-13,3.5715,1.6705,23.87,9.542,25.99,34.25,23.68,0.991,71.8,163.35,27.39,15.23,6.298,48.0,4.7565,2.52,22.4,19.9,8.836,22.64,14.72,91.0,29.4,36.83,12.85,6.118,3.7560000000000002,9.47,12.84,7.6,5.682,17.44,11.64,6.705,2.59
2019-11-14,3.548,1.6600000000000001,23.67,9.64,25.93,34.27,23.41,0.9752000000000001,71.82,162.95,27.65,14.78,6.332,47.98,4.74,2.519,22.52,19.4,8.802,22.63,14.595,91.2,29.42,36.36,12.86,6.048,3.734,9.45,13.385,7.7,5.686,17.255,11.59,6.682,2.591
2019-11-15,3.574,1.7035,23.81,9.658,26.13,34.65,23.69,0.99,71.98,166.6,27.98,15.142,6.518,47.72,4.7675,2.5300000000000002,23.0,19.68,8.82,22.74,14.69,91.45,29.27,37.94,13.29,6.112,3.81,9.53,13.615,7.71,5.686,17.11,11.72,6.759,2.626
2019-11-18,3.54,1.714,24.06,9.45,26.16,34.64,24.19,0.9852000000000001,71.7,167.15,28.1,14.666,6.414,47.76,4.7355,2.517,22.22,19.24,8.93,23.08,14.63,91.85,29.57,37.73,13.34,6.128,3.774,9.45,13.345,7.5600000000000005,5.646,17.34,11.89,6.696,2.642
2019-11-19,3.553,1.7229999999999999,23.73,9.59,26.46,34.88,24.35,0.9898,71.88,168.35,27.64,14.77,6.454,47.74,4.7620000000000005,2.52,22.32,19.2,8.914,22.9,14.615,92.45,29.71,36.92,13.41,6.158,3.8200000000000003,9.41,13.535,7.645,5.644,17.215,11.9,6.728,2.664
2019-11-20,3.5375,1.705,23.76,9.712,26.52,34.9,24.31,0.9992000000000001,71.56,167.5,27.34,14.83,6.416,47.86,4.726,2.5,22.1,19.27,8.898,22.77,14.545,92.2,29.65,37.95,13.1,6.13,3.634,9.44,13.295,7.62,5.658,17.26,11.66,6.7059999999999995,2.646
2019-11-21,3.5685000000000002,1.721,23.69,9.574,26.36,34.36,24.25,1.0215,70.96,165.7,27.55,14.458,6.382,46.98,4.761,2.481,21.46,19.08,8.868,22.74,14.445,91.3,29.8,37.9,12.79,6.15,3.592,9.3,13.03,7.46,5.678,17.2,11.51,6.673,2.667
2019-11-22,3.6115,1.7535,23.53,9.748,26.13,34.69,24.21,1.0285,70.96,166.3,27.49,15.38,6.458,47.64,4.7975,2.5,21.78,18.95,8.874,22.73,14.6,92.7,30.0,37.4,12.65,6.284,3.592,9.35,12.905,7.625,5.898,17.155,11.41,6.765,2.686
2019-11-25,3.635,1.8014999999999999,23.75,9.768,26.45,34.52,24.62,1.0125,71.46,166.5,27.72,15.824,6.622,47.68,4.8155,2.509,22.24,18.93,8.898,22.89,14.68,93.4,30.73,37.63,12.65,6.344,3.58,9.465,14.0,7.63,5.95,17.295,11.42,6.759,2.676
2019-11-26,3.5935,1.8185,23.52,9.736,26.61,34.93,24.37,1.0215,71.9,168.95,27.92,15.936,6.65,48.22,4.7915,2.52,22.3,19.2,8.896,22.61,14.59,93.4,30.98,39.26,12.73,6.322,3.5,9.52,14.055,7.575,5.92,17.235,11.51,6.676,2.674
2019-11-27,3.6035,1.8275000000000001,23.62,9.676,26.79,34.96,24.56,1.0245,72.16,169.0,27.9,15.668,6.684,47.86,4.8285,2.5620000000000003,22.18,19.82,8.928,22.48,14.5,93.75,30.93,39.32,12.78,6.384,3.49,9.755,14.11,7.655,5.978,17.34,11.52,6.777,2.718
2019-11-28,3.567,1.7855,23.5,9.588,26.98,35.34,24.7,1.018,72.04,167.6,28.23,15.6,6.602,49.02,4.807,2.577,22.0,19.65,8.916,22.52,14.405,94.0,31.24,38.87,12.82,6.364,3.524,9.75,14.33,7.6,6.112,17.475,11.49,6.856,2.683
2019-11-29,3.537,1.7585000000000002,23.6,9.512,26.95,35.33,24.68,1.007,72.3,166.7,28.26,15.548,6.5,48.34,4.7815,2.559,21.88,20.46,8.928,22.61,14.29,94.0,31.01,39.0,12.97,6.348,3.482,9.735,14.485,7.53,5.926,17.75,11.45,6.952,2.6790000000000003
2019-12-02,3.482,1.755,22.89,9.456,25.95,34.6,23.93,0.9988,71.42,163.35,27.67,15.296,6.342,47.3,4.6935,2.54,21.46,19.57,8.594,22.06,14.145,93.0,30.41,38.24,12.79,6.298,3.402,9.35,14.425,7.415,5.754,17.31,11.26,6.796,2.664
2019-12-03,3.4515000000000002,1.7225000000000001,22.9,9.388,25.98,33.53,23.96,1.001,71.86,163.0,27.9,14.8,6.31,47.46,4.657,2.48,21.34,19.78,8.6,22.25,14.095,91.15,30.55,38.69,12.85,6.284,3.462,9.21,14.43,7.37,5.614,17.425,11.27,6.717,2.648
2019-12-04,3.5525,1.7785000000000002,23.01,9.524000000000001,26.64,34.17,24.23,1.0335,72.3,164.55,28.04,15.35,6.5,48.7,4.729,2.534,21.4,19.7,8.672,22.34,14.35,91.65,30.63,38.91,12.94,6.43,3.596,9.325,14.415,7.475,5.734,17.52,11.34,6.843,2.726
2019-12-05,3.537,1.771,22.83,9.584,26.58,34.15,24.17,1.0285,72.16,163.5,28.04,15.57,6.492,48.7,4.724,2.526,21.28,19.52,8.664,22.51,14.34,91.45,30.17,38.76,12.81,6.448,3.606,9.185,14.355,7.585,5.654,17.445,11.33,6.785,2.721
2019-12-06,3.585,1.79,22.97,9.764,26.77,34.76,24.34,1.034,72.76,165.6,28.92,16.1,6.642,48.76,4.783,2.5949999999999998,21.56,19.6,8.772,22.76,14.635,92.0,30.63,39.33,12.97,6.536,3.74,9.4,14.61,7.795,5.75,17.62,11.61,6.868,2.748
2019-12-09,3.589,1.7915,22.96,9.958,27.11,34.86,24.28,1.039,72.48,166.3,28.73,16.136,6.552,48.7,4.756,2.5949999999999998,21.28,19.55,8.794,22.5,14.46,92.05,31.19,39.03,12.9,6.502,3.718,9.31,14.485,7.78,5.67,17.455,11.51,6.761,2.723
2019-12-10,3.583,1.771,22.72,9.844,27.13,35.1,24.24,1.0245,72.18,166.35,28.62,15.814,6.476,48.16,4.76,2.5700000000000003,21.08,19.39,8.792,22.55,14.35,91.95,31.22,38.64,12.91,6.422,3.634,9.26,14.32,7.65,5.666,17.59,11.56,6.743,2.6710000000000003
2019-12-11,3.5615,1.7795,22.81,9.844,27.04,35.0,24.29,1.0365,71.76,170.25,30.12,15.81,6.482,47.96,4.7645,2.55,20.96,19.28,8.948,22.69,14.35,92.85,30.98,38.92,12.8,6.476,3.544,9.225,14.505,7.555,5.664,17.72,11.44,6.761,2.651
2019-12-12,3.688,1.8559999999999999,22.62,9.824,27.16,35.25,24.14,1.0845,71.52,171.4,30.16,16.316,6.57,48.42,4.921,2.566,21.44,19.3,8.91,22.37,14.375,93.3,31.07,38.21,12.59,6.68,3.556,9.48,14.92,7.75,5.678,17.485,11.13,6.693,2.774
2019-12-13,3.711,1.8575,22.79,9.81,27.18,35.34,24.28,1.0825,72.66,174.95,30.55,16.298,7.5440000000000005,48.64,4.9495000000000005,2.567,22.04,19.69,8.998,22.26,14.325,93.85,31.24,37.65,12.65,6.66,3.758,9.585,15.215,7.785,5.664,17.485,11.22,6.726,2.754
2019-12-16,3.7984999999999998,1.892,22.76,9.942,27.21,35.71,24.6,1.088,72.78,174.5,31.1,16.674,7.652,48.68,5.065,2.471,22.0,19.85,9.08,22.61,14.4,94.65,31.47,37.93,12.69,6.708,3.734,9.98,15.8,7.96,5.674,17.68,11.27,6.851,2.789
2019-12-17,3.7655000000000003,1.871,22.91,9.83,27.12,35.61,24.55,1.078,73.14,175.0,31.03,16.35,7.344,48.5,5.048,2.465,21.88,19.89,9.158,22.6,13.96,94.65,31.47,37.42,12.6,6.658,3.63,9.92,15.525,8.01,5.574,17.735,11.14,6.621,2.774
2019-12-18,3.7965,1.8735,22.61,9.984,27.05,34.87,24.38,1.0865,72.86,174.4,31.1,16.424,7.376,48.68,5.095,2.466,21.8,19.95,9.164,22.46,13.98,93.7,31.27,37.32,12.74,6.644,3.606,9.78,15.535,8.035,5.548,17.57,11.2,6.579,2.818
2019-12-19,3.7960000000000003,1.9340000000000002,22.74,10.075,26.8,34.79,24.5,1.1035,72.48,171.25,31.27,16.494,7.32,49.0,5.154,2.359,21.58,19.4,9.12,22.47,13.98,92.15,31.42,37.05,12.76,6.68,3.7439999999999998,9.93,15.725,7.965,5.52,17.83,11.34,6.478,2.8609999999999998
2019-12-20,3.8225,1.9355,22.83,9.99,26.78,34.59,24.87,1.0815,72.2,172.1,31.43,16.19,7.4,49.74,5.142,2.429,21.44,19.77,9.268,23.07,14.085,92.05,31.61,37.85,12.84,6.772,3.61,10.08,15.66,7.98,5.578,18.11,11.17,6.533,2.87
2019-12-23,3.765,1.9095,22.89,9.98,27.03,34.8,25.14,1.0465,72.76,173.35,31.66,15.958,7.284,48.88,5.09,2.424,21.6,19.99,9.28,23.24,14.15,92.25,31.97,38.52,12.8,6.522,3.64,10.11,15.725,8.1,5.59,18.045,11.33,6.454,2.832
2019-12-24,3.755,1.9255,22.81,9.942,27.18,35.38,25.2,1.0475,73.7,173.85,31.77,15.86,7.34,47.88,5.061,2.401,21.5,19.84,9.246,23.4,14.155,92.8,31.98,38.4,12.79,6.596,3.622,10.12,15.68,8.01,5.52,18.0,11.33,6.412,2.825
2019-12-27,3.7565,1.8875000000000002,22.87,9.974,27.14,35.19,25.49,1.0475,73.64,175.05,32.15,15.682,7.372,48.38,5.039,2.42,21.62,20.18,9.322,23.38,14.2,94.5,32.08,39.12,12.9,6.584,3.7119999999999997,10.3,15.715,8.03,5.584,18.175,11.53,6.414,2.821
2019-12-30,3.7425,1.9085,22.8,10.05,26.74,35.19,24.37,1.045,72.92,173.05,31.75,15.688,7.3,48.0,5.005,2.393,21.52,19.88,9.284,23.2,14.125,94.35,31.7,38.05,12.78,6.59,3.696,10.19,15.655,7.915,5.5760000000000005,18.075,11.37,6.32,2.7960000000000003
2019-12-31,3.73,1.9025,22.4,10.045,26.97,35.65,23.79,1.04,72.8,170.5,31.45,15.62,7.22,47.1,4.983,2.36,21.08,20.34,9.18,22.74,13.93,93.8,31.43,38.37,12.79,6.532,3.67,10.18,15.635,7.86,5.66,17.925,11.36,6.227,2.798
2020-01-02,3.866,1.97,22.7,10.1,27.29,35.19,23.87,1.069,72.9,171.3,31.75,15.842,7.474,47.34,5.11,2.414,21.5,20.1,9.22,22.83,14.065,92.5,31.71,39.4,12.81,6.708,3.798,10.22,15.73,8.04,5.616,17.875,11.39,6.332,2.899
2020-01-03,3.806,1.932,22.65,9.924,27.1,34.76,23.82,1.057,73.26,170.1,31.81,15.282,7.314,48.12,5.054,2.3970000000000002,21.18,20.12,9.178,22.9,14.24,91.1,31.74,40.3,12.82,6.656,3.71,10.07,15.42,8.05,5.596,17.54,11.56,6.337,2.874
2020-01-06,3.7745,1.917,22.53,9.83,27.09,34.54,23.67,1.055,72.6,169.0,31.53,15.004,7.146,47.82,5.032,2.402,20.74,19.98,9.132,22.86,14.35,90.25,31.73,40.81,12.78,6.688,3.622,10.11,15.29,7.955,5.606,17.535,11.53,6.345,2.863
2020-01-07,3.7565,1.9115000000000002,22.27,9.9,27.5,34.64,23.17,1.056,73.28,168.25,31.93,15.054,7.256,47.9,5.01,2.4,21.44,20.12,8.954,22.51,14.23,90.25,32.6,40.21,12.71,6.584,3.624,10.13,14.97,7.985,5.67,17.39,11.43,6.249,2.885
2020-01-08,3.759,1.911,22.19,10.045,27.66,34.74,23.0,1.0675,73.08,168.6,32.0,15.24,7.282,48.22,5.058,2.4,21.58,19.96,8.984,22.72,14.36,90.2,32.57,40.19,12.57,6.5760000000000005,3.628,10.35,14.95,7.94,5.658,17.5,11.23,6.161,2.886
2020-01-09,3.7685,1.834,22.27,9.916,27.61,34.32,23.21,1.042,74.3,170.0,31.87,15.222,7.442,48.0,5.08,2.4130000000000003,21.04,19.88,8.83,23.0,14.17,92.0,32.95,40.56,12.55,6.534,3.5700000000000003,10.3,14.965,8.04,5.53,17.295,11.3,6.181,2.852
2020-01-10,3.7175000000000002,1.8125,22.16,9.684,27.76,34.12,23.5,1.021,74.12,171.6,31.57,14.928,7.784,47.58,4.997,2.4,20.82,19.4,8.984,22.96,14.32,94.05,32.82,41.53,12.38,6.42,3.52,10.38,15.105,8.135,5.478,17.385,11.33,6.179,2.778
2020-01-13,3.692,1.8165,22.49,9.812,27.81,34.21,23.57,1.0255,74.44,172.0,31.59,15.252,7.634,47.5,4.9225,2.407,20.56,18.98,9.0,22.87,14.245,94.95,32.64,41.09,12.41,6.38,3.556,10.6,14.73,8.25,5.438,17.35,11.31,6.097,2.779
2020-01-14,3.6189999999999998,1.8010000000000002,22.55,9.7,28.18,34.32,23.64,1.02,75.54,174.1,31.5,15.148,7.568,47.42,4.859,2.419,20.52,19.34,9.032,22.75,14.235,96.0,32.47,41.8,12.37,6.336,3.474,10.82,14.94,8.225,5.496,17.4,11.56,6.066,2.739
2020-01-15,3.5825,1.787,22.56,9.486,28.56,33.3,23.82,0.9928,76.1,174.1,31.38,14.67,7.508,48.28,4.7765,2.384,20.42,19.13,9.21,22.76,14.1,97.75,32.6,41.92,12.29,6.198,3.52,10.83,15.015,8.335,5.448,17.475,11.69,6.037,2.714
2020-01-16,3.634,1.784,22.68,9.466,28.4,34.3,24.15,1.006,76.7,174.5,31.28,14.654,7.482,50.4,4.7875,2.392,20.34,19.48,9.312,23.32,14.145,98.75,31.89,42.05,12.59,6.23,3.726,10.88,15.235,8.215,5.448,17.76,11.63,6.1,2.742
2020-01-17,3.6775,1.8005,22.96,9.678,28.94,34.6,24.55,1.004,78.6,172.95,31.75,14.652,7.876,50.5,4.8065,2.424,20.68,19.88,9.404,23.69,14.04,99.4,31.8,42.31,12.68,6.286,4.004,11.28,15.455,8.335,5.484,17.77,11.83,6.15,2.769
2020-01-20,3.634,1.774,23.03,9.886,29.07,34.53,24.64,0.9856,78.08,173.05,31.18,14.58,7.7059999999999995,50.15,4.764,2.414,21.1,20.02,9.45,24.0,13.92,100.4,31.91,42.63,12.65,6.216,3.946,11.16,15.505,8.25,5.518,17.93,11.77,6.317,2.798
2020-01-21,3.618,1.724,22.76,9.758,29.32,34.15,24.35,0.964,77.72,170.0,31.28,14.23,7.49,50.1,4.748,2.422,21.12,19.78,9.426,24.04,13.775,100.2,31.53,42.84,12.69,6.162,3.918,11.24,15.53,8.17,5.492,17.96,11.75,6.332,2.711
2020-01-22,3.577,1.7195,22.91,9.592,29.33,33.7,24.39,0.9702000000000001,77.52,169.75,31.03,14.226,7.538,49.66,4.698,2.411,21.04,19.15,9.456,24.04,13.6,101.3,31.58,43.76,12.65,6.08,3.7960000000000003,11.04,15.555,8.155,5.336,17.98,11.77,6.267,2.7
2020-01-23,3.572,1.6995,23.29,9.39,29.31,31.9,24.52,0.974,75.6,168.5,31.02,13.964,7.22,49.86,4.664,2.368,20.44,18.77,9.668,24.15,13.13,101.1,31.0,43.21,12.73,6.09,3.732,10.88,15.48,8.06,5.24,18.34,11.9,6.182,2.6710000000000003
2020-01-24,3.54,1.6885,23.47,9.39,29.6,31.93,24.65,0.964,77.7,168.5,31.14,14.088,7.34,50.1,4.607,2.39,20.42,19.23,9.886,24.13,13.1,102.7,31.16,43.85,13.02,5.944,3.86,11.07,15.615,7.845,5.2,18.365,12.03,6.118,2.653
2020-01-27,3.476,1.667,23.31,9.056,29.12,31.47,24.22,0.9462,72.94,165.5,30.46,13.568,6.956,49.64,4.5315,2.341,20.14,18.95,9.804,24.1,12.65,99.75,31.0,43.12,12.76,5.898,3.65,10.9,15.3,7.39,5.17,18.15,11.87,6.042,2.609
2020-01-28,3.551,1.6795,23.62,9.198,29.1,31.7,24.63,0.9398000000000001,73.94,167.15,30.93,13.934,6.984,49.56,4.6005,2.375,20.54,19.3,9.848,24.39,12.77,101.4,30.9,43.57,12.85,5.986,3.71,10.88,15.43,7.605,5.176,18.21,12.03,6.269,2.622
2020-01-29,3.7075,1.6695,23.81,9.104,29.22,31.57,24.78,0.9478000000000001,73.7,167.4,31.03,14.022,6.992,49.66,4.6675,2.38,20.24,19.3,9.87,24.43,12.795,101.4,30.57,43.8,13.01,5.95,3.7439999999999998,10.86,15.7,7.51,5.134,18.23,12.14,6.2,2.6109999999999998
2020-01-30,3.6665,1.678,23.88,8.95,28.9,31.22,24.81,0.9458000000000001,71.68,167.4,30.92,13.618,6.808,48.98,4.7085,2.358,20.08,19.15,9.9,24.38,12.58,102.2,30.23,43.81,12.85,5.942,3.722,10.44,14.275,7.365,5.088,18.145,12.07,6.159,2.636
2020-01-31,3.5540000000000003,1.6415000000000002,23.8,8.802,28.66,30.03,24.77,0.8140000000000001,70.82,167.15,30.37,13.34,6.756,48.08,4.6685,2.312,19.81,18.9,9.87,24.32,12.465,102.4,30.3,44.92,12.8,5.854,3.656,10.36,14.405,7.25,4.9510000000000005,18.035,12.09,6.109,2.64
